# format	robotrace-shortcut-course-v1
# course_id	2020alljapan
# source_file	examples/synthetic/2020alljapan.json
# source_hash	88020bbcbce0d9d49488e07607ab398106ff743573e5c69f08dfcbf3c3361038
# line_width_mm	19.000000
distance_mm	line_x_mm	line_y_mm
0	0	0
10	10	0
20	20	0
30	30	0
40	40	0
50	50	0
60	60	0
70	70	0
80	80	0
90	90	0
100	100	0
110	110	0
120	120	0
130	130	0
140	140	0
150	150	0
160	160	0
170	170	0
180	180	0
190	190	0
200	200	0
210	210	0
220	220	0
230	230	0
240	240	0
250	250	0
260	260	0
270	270	0
280	280	0
290	290	0
300	300	0
310	310	0
320	320	0
330	330	0
340	340	0
350	350	0
360	360	0
370	370	0
380	380	0
390	390	0
400	400	0
410	410	0
420	420	0
430	430	0
440	440	0
450	450	0
460	459.983337	-0.499583483
470	469.866943	-1.99334216
480	479.552032	-4.46635103
490	488.941833	-7.89390039
500	497.942566	-12.241744
510	506.464233	-17.4664383
520	514.421753	-23.5157814
530	521.735596	-30.3293285
540	528.332703	-37.8390045
550	534.147095	-45.9697685
560	539.120728	-54.6403885
570	543.203918	-63.764225
580	546.355835	-73.2501144
590	548.544983	-83.0032883
600	549.749512	-92.9262772
610	550	-102.920364
620	550	-112.920364
630	550	-122.920364
640	550	-132.920364
650	550	-142.920364
660	550	-152.920364
670	550	-162.920364
680	550	-172.920364
690	550	-182.920364
700	550	-192.920364
710	550	-202.920364
720	550	-212.920364
730	550	-222.920364
740	550	-232.920364
750	550	-242.920364
760	550	-252.920364
770	550	-262.92038
780	550	-272.92038
790	550	-282.92038
800	550	-292.92038
810	550	-302.92038
820	550	-312.92038
830	550	-322.92038
840	550	-332.92038
850	550	-342.92038
860	550	-352.92038
870	550	-362.92038
880	550	-372.92038
890	550	-382.92038
900	550	-392.92038
910	550	-402.92038
920	550	-412.92038
930	550	-422.92038
940	550	-432.92038
950	550	-442.92038
960	550	-452.92038
970	550	-462.92038
980	550	-472.92038
990	550	-482.92038
1000	550	-492.92038
1010	550	-502.92038
1020	550	-512.920349
1030	550	-522.920349
1040	550	-532.920349
1050	550	-542.920349
1060	550	-552.920349
1070	550	-562.920349
1080	550	-572.920349
1090	550	-582.920349
1100	550	-592.920349
1110	550	-602.920349
1120	550	-612.920349
1130	550	-622.920349
1140	550	-632.920349
1150	550	-642.920349
1160	550	-652.920349
1170	550	-662.920349
1180	550	-672.920349
1190	550	-682.920349
1200	550	-692.920349
1210	550	-702.920349
1220	550	-712.920349
1230	550	-722.920349
1240	550	-732.920349
1250	550	-742.920349
1260	550	-752.920349
1270	550	-762.920349
1280	550	-772.920349
1290	550	-782.920349
1300	550	-792.920349
1310	550	-802.920349
1320	550	-812.920349
1330	550	-822.920349
1340	550	-832.920349
1350	550	-842.920349
1360	550	-852.920349
1370	550	-862.920349
1380	550	-872.920349
1390	550	-882.920349
1400	550	-892.920349
1410	550	-902.920349
1420	550	-912.920349
1430	550	-922.920349
1440	550	-932.920349
1450	550	-942.920349
1460	550	-952.920349
1470	550	-962.920349
1480	550	-972.920349
1490	550	-982.920349
1500	550	-992.920349
1510	550	-1002.92035
1520	550	-1012.92035
1530	550	-1022.92035
1540	550	-1032.92041
1550	550	-1042.92041
1560	550	-1052.92041
1570	550	-1062.92041
1580	550	-1072.92041
1590	550	-1082.92041
1600	550	-1092.92041
1610	550	-1102.92041
1620	550	-1112.92041
1630	550	-1122.92041
1640	550	-1132.92041
1650	550	-1142.92041
1660	550	-1152.92041
1670	550	-1162.92041
1680	550	-1172.92041
1690	550	-1182.92041
1700	550	-1192.92041
1710	550.008545	-1202.92041
1720	550.166931	-1212.91895
1730	550.525269	-1222.91235
1740	551.083374	-1232.89661
1750	551.841003	-1242.86768
1760	552.797974	-1252.82166
1770	553.953735	-1262.75439
1780	555.307983	-1272.66211
1790	556.860046	-1282.54077
1800	558.609375	-1292.38647
1810	560.555237	-1302.19507
1820	562.696899	-1311.96289
1830	565.033447	-1321.68591
1840	567.564026	-1331.36023
1850	570.287537	-1340.98206
1860	573.202271	-1350.54773
1870	576.095703	-1360.11975
1880	578.797119	-1369.7478
1890	581.305481	-1379.42798
1900	583.61969	-1389.15625
1910	585.738892	-1398.92896
1920	587.662292	-1408.74207
1930	589.388977	-1418.5918
1940	590.918396	-1428.474
1950	592.249817	-1438.38477
1960	593.382812	-1448.32019
1970	594.316895	-1458.27625
1980	595.051636	-1468.24915
1990	595.586853	-1478.23462
2000	595.922241	-1488.22876
2010	596.057678	-1498.22766
2020	595.993103	-1508.22729
2030	595.728577	-1518.22363
2040	595.264221	-1528.21277
2050	594.600159	-1538.19043
2060	593.736694	-1548.15295
2070	592.674133	-1558.09619
2080	591.413025	-1568.01624
2090	589.953674	-1577.90894
2100	588.296875	-1587.77063
2110	586.443115	-1597.59705
2120	584.39325	-1607.38452
2130	582.14801	-1617.12903
2140	579.708374	-1626.82678
2150	577.075256	-1636.47375
2160	574.249817	-1646.06604
2170	571.299011	-1655.62073
2180	568.507385	-1665.22302
2190	565.908325	-1674.87915
2200	563.502869	-1684.58533
2210	561.291992	-1694.33777
2220	559.276672	-1704.13232
2230	557.457581	-1713.96533
2240	555.83551	-1723.83276
2250	554.411072	-1733.73059
2260	553.184875	-1743.65503
2270	552.15741	-1753.60193
2280	551.329102	-1763.56738
2290	550.700256	-1773.54736
2300	550.271057	-1783.53809
2310	550.041809	-1793.53528
2320	550	-1803.53503
2330	550	-1813.53503
2340	550	-1823.53503
2350	550	-1833.53503
2360	550	-1843.53503
2370	550	-1853.53503
2380	550	-1863.53503
2390	550	-1873.53503
2400	550	-1883.53503
2410	550	-1893.53503
2420	550	-1903.53503
2430	550	-1913.53503
2440	550	-1923.53503
2450	550	-1933.53503
2460	550	-1943.53503
2470	550	-1953.53503
2480	550	-1963.53503
2490	550	-1973.53503
2500	550	-1983.53503
2510	550	-1993.53503
2520	550	-2003.53503
2530	550	-2013.53503
2540	550	-2023.53503
2550	550	-2033.53503
2560	550	-2043.53503
2570	550	-2053.53516
2580	550	-2063.53516
2590	550	-2073.53516
2600	550	-2083.53516
2610	550	-2093.53516
2620	550	-2103.53516
2630	550	-2113.53516
2640	550	-2123.53516
2650	550	-2133.53516
2660	550	-2143.53516
2670	550	-2153.53516
2680	550	-2163.53516
2690	550	-2173.53516
2700	550	-2183.53516
2710	550	-2193.53516
2720	550	-2203.53516
2730	550	-2213.53516
2740	550	-2223.53516
2750	550	-2233.53516
2760	550	-2243.53516
2770	550	-2253.53516
2780	550	-2263.53516
2790	550	-2273.53516
2800	550	-2283.53516
2810	550	-2293.53516
2820	550	-2303.53516
2830	550	-2313.53516
2840	550	-2323.53516
2850	550	-2333.53516
2860	550	-2343.53516
2870	550	-2353.53516
2880	550	-2363.53516
2890	550	-2373.53516
2900	550	-2383.53516
2910	550	-2393.53516
2920	550	-2403.53516
2930	550	-2413.53516
2940	550	-2423.53516
2950	550	-2433.53516
2960	550	-2443.53516
2970	550	-2453.53516
2980	550	-2463.53516
2990	550	-2473.53516
3000	550	-2483.53516
3010	550	-2493.53516
3020	550	-2503.53516
3030	550	-2513.53516
3040	550	-2523.53516
3050	550	-2533.53516
3060	550	-2543.53516
3070	550	-2553.53516
3080	550	-2563.53516
3090	550	-2573.53516
3100	550	-2583.53516
3110	550	-2593.53516
3120	549.96875	-2603.53491
3130	549.542175	-2613.52466
3140	548.616821	-2623.48071
3150	547.195068	-2633.37817
3160	545.280457	-2643.19214
3170	542.877686	-2652.89795
3180	539.992798	-2662.47192
3190	536.633118	-2671.8894
3200	532.806885	-2681.12744
3210	528.523743	-2690.1626
3220	523.794373	-2698.97217
3230	518.630615	-2707.53467
3240	513.04541	-2715.82837
3250	507.052643	-2723.83252
3260	500.667328	-2731.5271
3270	493.905396	-2738.89282
3280	486.783813	-2745.91162
3290	479.320343	-2752.56567
3300	471.5336	-2758.83813
3310	463.443115	-2764.71387
3320	455.069092	-2770.17773
3330	446.432434	-2775.21631
3340	437.554749	-2779.81714
3350	428.458221	-2783.96826
3360	419.165588	-2787.65967
3370	409.700073	-2790.88184
3380	400.085358	-2793.6272
3390	390.345428	-2795.88843
3400	380.504669	-2797.65991
3410	370.587677	-2798.9375
3420	360.619202	-2799.71777
3430	350.624207	-2799.99902
3440	340.627655	-2799.78027
3450	330.65451	-2799.06226
3460	320.729706	-2797.84644
3470	310.878082	-2796.13647
3480	301.124237	-2793.93604
3490	291.492584	-2791.25073
3500	282.007111	-2788.08765
3510	272.517395	-2784.9375
3520	262.88208	-2782.26538
3530	253.12529	-2780.07812
3540	243.271347	-2778.38135
3550	233.34494	-2777.17896
3560	223.370834	-2776.47437
3570	213.373978	-2776.26929
3580	203.379364	-2776.56396
3590	193.411972	-2777.35767
3600	183.496704	-2778.64868
3610	173.65834	-2780.43359
3620	163.921494	-2782.70801
3630	154.310501	-2785.46631
3640	144.84935	-2788.70142
3650	135.561722	-2792.40527
3660	126.470818	-2796.56885
3670	117.599365	-2801.1814
3680	108.969536	-2806.23169
3690	100.602898	-2811.70703
3700	92.5203705	-2817.59351
3710	84.7421494	-2823.87671
3720	77.287674	-2830.54077
3730	70.1755753	-2837.56909
3740	63.1164513	-2844.65088
3750	55.7143173	-2851.37305
3760	47.9854622	-2857.7168
3770	39.9492111	-2863.66626
3780	31.6256447	-2869.20679
3790	23.0355721	-2874.32446
3800	14.2004595	-2879.00635
3810	5.14239311	-2883.24072
3820	-4.11598778	-2887.01733
3830	-13.5515423	-2890.32617
3840	-23.140686	-2893.15967
3850	-32.8594513	-2895.51001
3860	-42.6835442	-2897.37183
3870	-52.5884132	-2898.74023
3880	-62.5492973	-2899.61206
3890	-72.5413055	-2899.98486
3900	-82.5394516	-2899.85791
3910	-92.5187607	-2899.2312
3920	-102.454277	-2898.10669
3930	-112.321175	-2896.48706
3940	-122.094788	-2894.37622
3950	-131.750687	-2891.77954
3960	-141.26474	-2888.70337
3970	-150.613174	-2885.15576
3980	-159.772614	-2881.14526
3990	-168.725586	-2876.69238
4000	-177.740585	-2872.36694
4010	-186.960495	-2868.49756
4020	-196.362274	-2865.09375
4030	-205.922409	-2862.16431
4040	-215.617035	-2859.71606
4050	-225.42189	-2857.75537
4060	-235.312485	-2856.28735
4070	-245.264099	-2855.31543
4080	-255.251846	-2854.84204
4090	-265.250763	-2854.86841
4100	-275.23587	-2855.39453
4110	-285.18219	-2856.41919
4120	-295.064911	-2857.93945
4130	-304.859253	-2859.9519
4140	-314.540802	-2862.45117
4150	-324.085327	-2865.4314
4160	-333.468994	-2868.88477
4170	-342.668335	-2872.80273
4180	-351.660339	-2877.17578
4190	-360.422546	-2881.99268
4200	-368.933075	-2887.2417
4210	-377.170624	-2892.90918
4220	-385.24762	-2898.80444
4230	-393.57785	-2904.33496
4240	-402.174042	-2909.44214
4250	-411.014801	-2914.11353
4260	-420.077942	-2918.33691
4270	-429.340851	-2922.10229
4280	-438.780365	-2925.3999
4290	-448.372925	-2928.22168
4300	-458.094513	-2930.56055
4310	-467.920837	-2932.41064
4320	-477.827332	-2933.76709
4330	-487.789276	-2934.62695
4340	-497.781708	-2934.98779
4350	-507.779694	-2934.84863
4360	-517.75824	-2934.20996
4370	-527.692383	-2933.07349
4380	-537.557373	-2931.44189
4390	-547.32843	-2929.31934
4400	-556.981201	-2926.71118
4410	-566.491516	-2923.62354
4420	-575.835693	-2920.0647
4430	-584.990295	-2916.04321
4440	-593.932495	-2911.56934
4450	-602.639893	-2906.65381
4460	-611.090698	-2901.30957
4470	-619.263916	-2895.54956
4480	-627.377258	-2889.70532
4490	-635.769287	-2884.26904
4500	-644.422485	-2879.25879
4510	-653.315308	-2874.6875
4520	-662.425415	-2870.56641
4530	-671.730164	-2866.90552
4540	-681.206238	-2863.71436
4550	-690.829956	-2861.00098
4560	-700.577271	-2858.77173
4570	-710.423828	-2857.03271
4580	-720.344971	-2855.78784
4590	-730.315979	-2855.04028
4600	-740.311829	-2854.79199
4610	-750.307678	-2855.0437
4620	-760.278381	-2855.79468
4630	-770.199097	-2857.04297
4640	-780.045044	-2858.78564
4650	-789.791565	-2861.01831
4660	-799.414368	-2863.73511
4670	-808.889282	-2866.92944
4680	-818.192749	-2870.59351
4690	-827.301514	-2874.71777
4700	-836.230164	-2879.22021
4710	-845.298401	-2883.43286
4720	-854.565796	-2887.18726
4730	-864.009277	-2890.47339
4740	-873.605225	-2893.28369
4750	-883.32959	-2895.61084
4760	-893.158142	-2897.44897
4770	-903.066284	-2898.7937
4780	-913.029236	-2899.64136
4790	-923.022095	-2899.99023
4800	-933.019958	-2899.83911
4810	-942.997681	-2899.18848
4820	-952.930481	-2898.04004
4830	-962.793457	-2896.39673
4840	-972.561951	-2894.26245
4850	-982.211609	-2891.64258
4860	-991.718262	-2888.54346
4870	-1001.05811	-2884.97339
4880	-1010.20789	-2880.94092
4890	-1019.14465	-2876.4563
4900	-1027.84619	-2871.53027
4910	-1036.29053	-2866.17578
4920	-1044.45679	-2860.40601
4930	-1052.32446	-2854.23511
4940	-1059.8739	-2847.67871
4950	-1067.08618	-2840.75342
4960	-1074.08899	-2833.61523
4970	-1081.3938	-2826.78735
4980	-1089.03064	-2820.33325
4990	-1096.98071	-2814.2688
5000	-1105.22375	-2808.60938
5010	-1113.7395	-2803.3689
5020	-1122.50647	-2798.56055
5030	-1131.50269	-2794.19629
5040	-1140.70593	-2790.28735
5050	-1150.09302	-2786.84326
5060	-1159.6405	-2783.87256
5070	-1169.32446	-2781.38257
5080	-1179.12073	-2779.37988
5090	-1189.005	-2777.86938
5100	-1198.95227	-2776.85449
5110	-1208.93799	-2776.33838
5120	-1218.93689	-2776.32178
5130	-1228.92419	-2776.80493
5140	-1238.87476	-2777.78662
5150	-1248.76392	-2779.2644
5160	-1258.56689	-2781.23462
5170	-1268.25903	-2783.69238
5180	-1277.81628	-2786.63159
5190	-1287.26477	-2789.90601
5200	-1296.83447	-2792.8042
5210	-1306.53711	-2795.22021
5220	-1316.34839	-2797.14868
5230	-1326.24377	-2798.58398
5240	-1336.19849	-2799.52319
5250	-1346.18774	-2799.96362
5260	-1356.18652	-2799.9043
5270	-1366.16992	-2799.34521
5280	-1376.11279	-2798.28809
5290	-1385.99036	-2796.73511
5300	-1395.77808	-2794.69043
5310	-1405.45129	-2792.15918
5320	-1414.98596	-2789.14771
5330	-1424.35815	-2785.66333
5340	-1433.54456	-2781.71484
5350	-1442.52209	-2777.31226
5360	-1451.26843	-2772.46655
5370	-1459.7616	-2767.1897
5380	-1467.98047	-2761.49487
5390	-1475.90442	-2755.39648
5400	-1483.51367	-2748.90967
5410	-1490.78918	-2742.05078
5420	-1497.71277	-2734.83667
5430	-1504.26721	-2727.28564
5440	-1510.43604	-2719.4165
5450	-1516.20386	-2711.24878
5460	-1521.55627	-2702.80298
5470	-1526.47986	-2694.10034
5480	-1530.9624	-2685.16235
5490	-1534.99255	-2676.01147
5500	-1538.5603	-2666.67065
5510	-1541.65686	-2657.16333
5520	-1544.27429	-2647.51318
5530	-1546.40613	-2637.74414
5540	-1548.04712	-2627.88062
5550	-1549.19312	-2617.94751
5560	-1549.84119	-2607.96973
5570	-1550	-2597.97168
5580	-1550	-2587.97168
5590	-1550	-2577.97168
5600	-1550	-2567.97168
5610	-1550	-2557.97168
5620	-1550	-2547.97168
5630	-1550	-2537.97168
5640	-1550	-2527.97168
5650	-1550	-2517.97168
5660	-1550	-2507.97168
5670	-1550	-2497.97168
5680	-1550	-2487.97168
5690	-1550	-2477.97168
5700	-1550	-2467.97168
5710	-1550	-2457.97168
5720	-1550	-2447.97168
5730	-1550	-2437.97168
5740	-1550	-2427.97168
5750	-1550	-2417.97168
5760	-1550	-2407.97168
5770	-1550	-2397.97168
5780	-1550	-2387.97168
5790	-1550	-2377.97168
5800	-1550	-2367.97168
5810	-1550	-2357.97168
5820	-1550	-2347.97168
5830	-1550	-2337.97168
5840	-1550	-2327.97168
5850	-1550	-2317.97168
5860	-1550	-2307.97168
5870	-1550	-2297.97168
5880	-1550	-2287.97168
5890	-1550	-2277.97168
5900	-1550	-2267.97168
5910	-1550	-2257.97168
5920	-1550	-2247.97168
5930	-1550	-2237.97168
5940	-1550	-2227.97168
5950	-1550	-2217.97168
5960	-1550	-2207.97168
5970	-1549.98975	-2197.97168
5980	-1549.63843	-2187.979
5990	-1548.78809	-2178.01636
6000	-1547.44092	-2168.1084
6010	-1545.60034	-2158.28027
6020	-1543.27075	-2148.55664
6030	-1540.45813	-2138.96143
6040	-1537.16943	-2129.5188
6050	-1533.41284	-2120.2522
6060	-1529.198	-2111.18506
6070	-1524.53516	-2102.33984
6080	-1519.43604	-2093.73877
6090	-1513.91345	-2085.40332
6100	-1507.98108	-2077.35425
6110	-1501.65393	-2069.61182
6120	-1494.94775	-2062.19531
6130	-1487.87927	-2055.12305
6140	-1480.46606	-2048.41309
6150	-1472.72681	-2042.08191
6160	-1464.68079	-2036.14551
6170	-1456.34827	-2030.61865
6180	-1447.74976	-2025.51514
6190	-1438.90698	-2020.84766
6200	-1429.84204	-2016.62805
6210	-1420.57739	-2012.86682
6220	-1411.13647	-2009.57324
6230	-1401.54272	-2006.75574
6240	-1391.82007	-2004.42114
6250	-1381.99292	-2002.57544
6260	-1372.08582	-2001.22314
6270	-1362.12354	-2000.3678
6280	-1352.13098	-2000.01135
6290	-1342.13306	-2000.15479
6300	-1332.15479	-2000.79773
6310	-1322.22107	-2001.9386
6320	-1312.35681	-2003.57446
6330	-1302.58667	-2005.70129
6340	-1292.93506	-2008.31384
6350	-1283.42615	-2011.4054
6360	-1274.0835	-2014.96838
6370	-1264.93066	-2018.9939
6380	-1255.99048	-2023.4718
6390	-1247.28516	-2028.39099
6400	-1238.83667	-2033.73901
6410	-1230.66602	-2039.50269
6420	-1222.79358	-2045.66748
6430	-1215.23914	-2052.21802
6440	-1208.02161	-2059.13794
6450	-1201.15881	-2066.40991
6460	-1194.66809	-2074.01587
6470	-1188.56567	-2081.93652
6480	-1182.8667	-2090.15259
6490	-1177.58545	-2098.64307
6500	-1172.73523	-2107.38672
6510	-1168.328	-2116.36206
6520	-1164.37488	-2125.54639
6530	-1160.88574	-2134.91675
6540	-1157.86938	-2144.44995
6550	-1155.33313	-2154.12183
6560	-1153.28345	-2163.90845
6570	-1151.72546	-2173.7854
6580	-1150.66309	-2183.72778
6590	-1150.09888	-2193.71069
6600	-1149.9541	-2203.70947
6610	-1149.3739	-2213.69067
6620	-1148.13	-2223.61108
6630	-1146.22815	-2233.42676
6640	-1143.67651	-2243.09375
6650	-1140.48657	-2252.56934
6660	-1136.67236	-2261.81152
6670	-1132.2511	-2270.77881
6680	-1127.24219	-2279.43188
6690	-1121.66797	-2287.73193
6700	-1115.55334	-2295.64233
6710	-1108.92517	-2303.12769
6720	-1101.81311	-2310.15479
6730	-1094.24878	-2316.69263
6740	-1086.26562	-2322.71191
6750	-1077.89929	-2328.18628
6760	-1069.18677	-2333.09082
6770	-1060.16699	-2337.4043
6780	-1050.87976	-2341.10718
6790	-1041.36658	-2344.18335
6800	-1031.66956	-2346.61865
6810	-1021.83191	-2348.40283
6820	-1011.89722	-2349.52734
6830	-1001.90967	-2349.98779
6840	-991.913635	-2349.78198
6850	-981.953552	-2348.9104
6860	-972.073608	-2347.37744
6870	-962.317749	-2345.1897
6880	-952.729309	-2342.35693
6890	-943.350891	-2338.8916
6900	-934.224182	-2334.80933
6910	-925.389648	-2330.12793
6920	-916.582642	-2325.39502
6930	-907.48053	-2321.25806
6940	-898.123047	-2317.73657
6950	-888.551758	-2314.84644
6960	-878.809204	-2312.6001
6970	-868.93866	-2311.00806
6980	-858.983948	-2310.0769
6990	-848.98938	-2309.81104
7000	-838.999207	-2310.21167
7010	-829.057983	-2311.27661
7020	-819.209778	-2313.00171
7030	-809.498352	-2315.37915
7040	-799.966919	-2318.39795
7050	-790.657715	-2322.04517
7060	-781.612183	-2326.30444
7070	-772.850098	-2331.12158
7080	-763.953308	-2335.68335
7090	-754.7724	-2339.64233
7100	-745.348145	-2342.98096
7110	-735.722412	-2345.68433
7120	-725.937927	-2347.74048
7130	-716.038269	-2349.14014
7140	-706.067322	-2349.8772
7150	-696.069458	-2349.94849
7160	-686.088989	-2349.35352
7170	-676.170349	-2348.09497
7180	-666.357605	-2346.17871
7190	-656.694336	-2343.61279
7200	-647.22345	-2340.40869
7210	-637.987	-2336.58105
7220	-629.026123	-2332.14648
7230	-620.28363	-2327.29272
7240	-611.299744	-2322.90503
7250	-602.043457	-2319.12549
7260	-592.55603	-2315.97095
7270	-582.879456	-2313.45557
7280	-573.056824	-2311.59033
7290	-563.131775	-2310.38354
7300	-553.148376	-2309.84058
7310	-543.151001	-2309.96411
7320	-533.184021	-2310.75317
7330	-523.291809	-2312.20459
7340	-513.518188	-2314.31177
7350	-503.906677	-2317.06519
7360	-494.499969	-2320.45288
7370	-485.339813	-2324.45972
7380	-476.466949	-2329.06787
7390	-467.690552	-2333.85815
7400	-458.622925	-2338.07007
7410	-449.29483	-2341.6687
7420	-439.747742	-2344.63794
7430	-430.024048	-2346.96436
7440	-420.166992	-2348.63818
7450	-410.220306	-2349.65137
7460	-400.228241	-2349.99976
7470	-390.235168	-2349.68188
7480	-380.285461	-2348.69873
7490	-370.42334	-2347.05518
7500	-360.692627	-2344.75806
7510	-351.136536	-2341.81812
7520	-341.797546	-2338.2478
7530	-332.717133	-2334.06348
7540	-323.930603	-2329.29224
7550	-315.071777	-2324.65698
7560	-305.923859	-2320.62231
7570	-296.527496	-2317.20605
7580	-286.924408	-2314.42334
7590	-277.157288	-2312.28638
7600	-267.269501	-2310.80518
7610	-257.304993	-2309.9856
7620	-247.308029	-2309.83179
7630	-237.323013	-2310.34424
7640	-227.394333	-2311.52075
7650	-217.566086	-2313.3562
7660	-207.881927	-2315.84204
7670	-198.384903	-2318.96777
7680	-189.117188	-2322.71899
7690	-180.119949	-2327.07935
7700	-171.375717	-2331.92993
7710	-162.42836	-2336.3916
7720	-153.203629	-2340.24756
7730	-143.742523	-2343.48022
7740	-134.087097	-2346.07568
7750	-124.280212	-2348.02197
7760	-114.365463	-2349.31055
7770	-104.386887	-2349.93579
7780	-94.3888168	-2349.89502
7790	-84.4156876	-2349.18823
7800	-74.5117874	-2347.8186
7810	-64.7211304	-2345.79224
7820	-55.0872078	-2343.11816
7830	-45.6528244	-2339.80835
7840	-36.4598923	-2335.87744
7850	-27.5492592	-2331.34253
7860	-18.7937984	-2326.51318
7870	-9.76126385	-2322.22632
7880	-0.463221669	-2318.55078
7890	9.05901814	-2315.50293
7900	18.7631512	-2313.09619
7910	28.6060619	-2311.34106
7920	38.5440216	-2310.24561
7930	48.5328789	-2309.8147
7940	58.5282555	-2310.05029
7950	68.4857407	-2310.95117
7960	78.3610992	-2312.51318
7970	88.1104507	-2314.72974
7980	97.6904907	-2317.59082
7990	107.058647	-2321.08374
8000	116.173309	-2325.19312
8010	124.993973	-2329.90039
8020	133.814194	-2334.6084
8030	142.928482	-2338.71851
8040	152.29631	-2342.2124
8050	161.876083	-2345.07446
8060	171.625229	-2347.29175
8070	181.500443	-2348.85474
8080	191.457855	-2349.75659
8090	201.453201	-2349.99292
8100	211.442093	-2349.56299
8110	221.380157	-2348.46851
8120	231.223236	-2346.71436
8130	240.927597	-2344.30835
8140	250.450119	-2341.26147
8150	259.748505	-2337.58667
8160	268.781433	-2333.30078
8170	277.508789	-2328.42261
8180	285.891785	-2322.97388
8190	293.893158	-2316.979
8200	301.477417	-2310.46411
8210	308.610809	-2303.45874
8220	315.261688	-2295.99341
8230	321.400482	-2288.10181
8240	326.999878	-2279.8186
8250	332.035095	-2271.18091
8260	336.483673	-2262.22705
8270	340.325867	-2252.99658
8280	343.544647	-2243.53076
8290	346.125702	-2233.87158
8300	348.057526	-2224.06177
8310	349.331543	-2214.14526
8320	349.942139	-2204.16577
8330	350	-2194.16626
8340	350	-2184.16626
8350	350	-2174.16626
8360	350	-2164.16626
8370	350	-2154.16626
8380	350	-2144.16626
8390	350	-2134.16626
8400	350	-2124.16626
8410	350	-2114.16626
8420	350	-2104.16626
8430	350	-2094.16626
8440	350	-2084.16626
8450	350	-2074.16626
8460	350	-2064.16626
8470	350	-2054.16626
8480	349.914917	-2044.16699
8490	349.373566	-2034.18274
8500	348.333862	-2024.23804
8510	346.798431	-2014.35767
8520	344.771118	-2004.56641
8530	342.256958	-1994.88867
8540	339.262268	-1985.34863
8550	335.794525	-1975.97034
8560	331.862396	-1966.77698
8570	327.475677	-1957.79163
8580	322.645386	-1949.03674
8590	317.383575	-1940.5343
8600	311.703369	-1932.30542
8610	305.619019	-1924.37073
8620	299.145691	-1916.75
8630	292.299561	-1909.46228
8640	285.097778	-1902.526
8650	277.558289	-1895.95813
8660	269.700012	-1889.77539
8670	261.542511	-1883.99316
8680	253.106232	-1878.62585
8690	244.412247	-1873.68689
8700	235.482269	-1869.1886
8710	226.338638	-1865.14221
8720	217.004181	-1861.55786
8730	207.502274	-1858.44458
8740	197.856628	-1855.81006
8750	188.091354	-1853.66089
8760	178.230896	-1852.00244
8770	168.299866	-1850.83899
8780	158.32309	-1850.17322
8790	148.325485	-1850
8800	138.325485	-1850
8810	128.325485	-1850
8820	118.325493	-1850
8830	108.325493	-1850
8840	98.3254929	-1850
8850	88.3254929	-1850
8860	78.3254929	-1850
8870	68.3254929	-1850
8880	58.325489	-1850
8890	48.325489	-1850
8900	38.325489	-1850
8910	28.325489	-1850
8920	18.325489	-1850
8930	8.32549	-1850
8940	-1.67451	-1850
8950	-11.67451	-1850
8960	-21.674511	-1850
8970	-31.674511	-1850
8980	-41.674511	-1850
8990	-51.674511	-1850
9000	-61.674511	-1850
9010	-71.6745071	-1850
9020	-81.6745071	-1850
9030	-91.6745071	-1850
9040	-101.674507	-1850
9050	-111.674507	-1850
9060	-121.674507	-1850
9070	-131.674515	-1850
9080	-141.674515	-1850
9090	-151.674515	-1850
9100	-161.674515	-1850
9110	-171.674515	-1850
9120	-181.674515	-1850
9130	-191.674515	-1850
9140	-201.674515	-1850
9150	-211.674515	-1850
9160	-221.674515	-1850
9170	-231.674515	-1850
9180	-241.674515	-1850
9190	-251.674515	-1850
9200	-261.6745	-1850
9210	-271.6745	-1850
9220	-281.6745	-1850
9230	-291.6745	-1850
9240	-301.674469	-1849.9906
9250	-311.66272	-1849.5459
9260	-321.599152	-1848.43677
9270	-331.439636	-1846.66821
9280	-341.140442	-1844.24792
9290	-350.658447	-1841.18689
9300	-359.951416	-1837.49841
9310	-368.977997	-1833.19922
9320	-377.698151	-1828.30823
9330	-386.07309	-1822.84717
9340	-394.065643	-1816.84033
9350	-401.640259	-1810.31433
9360	-408.763336	-1803.29834
9370	-415.403168	-1795.82336
9380	-421.530304	-1787.92261
9390	-427.117493	-1779.63123
9400	-432.139954	-1770.98621
9410	-436.575317	-1762.02563
9420	-440.4039	-1752.78955
9430	-443.608704	-1743.31897
9440	-446.175507	-1733.65601
9450	-448.092865	-1723.84338
9460	-449.352264	-1713.9248
9470	-449.94812	-1703.94446
9480	-450	-1693.94495
9490	-450	-1683.94495
9500	-450	-1673.94495
9510	-450	-1663.94495
9520	-450	-1653.94495
9530	-450	-1643.94495
9540	-450	-1633.94495
9550	-450	-1623.94495
9560	-450	-1613.94495
9570	-450	-1603.94495
9580	-450	-1593.94495
9590	-450	-1583.94495
9600	-450	-1573.94495
9610	-450	-1563.94495
9620	-450	-1553.94495
9630	-450	-1543.94495
9640	-450	-1533.94495
9650	-450	-1523.94495
9660	-450	-1513.94495
9670	-450	-1503.94495
9680	-450	-1493.94495
9690	-450	-1483.94495
9700	-450	-1473.94495
9710	-450	-1463.94495
9720	-450	-1453.94495
9730	-450	-1443.94495
9740	-450	-1433.94495
9750	-450	-1423.94495
9760	-450	-1413.94495
9770	-450	-1403.94495
9780	-450	-1393.94495
9790	-450	-1383.94495
9800	-450	-1373.94495
9810	-450	-1363.94495
9820	-450	-1353.94495
9830	-450	-1343.94495
9840	-450	-1333.94495
9850	-450	-1323.94495
9860	-450	-1313.94495
9870	-450	-1303.94495
9880	-450	-1293.94495
9890	-450	-1283.94495
9900	-450	-1273.94495
9910	-450	-1263.94495
9920	-450	-1253.94495
9930	-450	-1243.94495
9940	-450	-1233.94495
9950	-450	-1223.94495
9960	-450	-1213.94495
9970	-450	-1203.94495
9980	-450	-1193.94495
9990	-450	-1183.94495
10000	-450	-1173.94495
10010	-450	-1163.94495
10020	-450	-1153.94495
10030	-450	-1143.94495
10040	-450	-1133.94495
10050	-450	-1123.94495
10060	-450	-1113.94495
10070	-450	-1103.94495
10080	-450	-1093.94495
10090	-450	-1083.94495
10100	-450	-1073.94495
10110	-450	-1063.94495
10120	-450	-1053.94495
10130	-450	-1043.94495
10140	-450	-1033.94495
10150	-450	-1023.94495
10160	-450	-1013.94495
10170	-450	-1003.94495
10180	-450	-993.944946
10190	-450	-983.944946
10200	-450	-973.944946
10210	-450	-963.944946
10220	-450	-953.944946
10230	-450	-943.944946
10240	-450	-933.944946
10250	-450	-923.944946
10260	-450	-913.944946
10270	-450	-903.944946
10280	-450	-893.944946
10290	-450	-883.944946
10300	-450	-873.944946
10310	-450	-863.944946
10320	-450	-853.944946
10330	-450	-843.944946
10340	-450	-833.944946
10350	-450	-823.944946
10360	-450	-813.944946
10370	-450	-803.944946
10380	-450	-793.944946
10390	-450	-783.944946
10400	-450	-773.944946
10410	-450	-763.944946
10420	-450	-753.944946
10430	-450	-743.944946
10440	-450	-733.944946
10450	-450	-723.944946
10460	-450	-713.944946
10470	-450	-703.944946
10480	-450	-693.944946
10490	-450	-683.944946
10500	-450	-673.944946
10510	-450	-663.944946
10520	-450	-653.944946
10530	-450	-643.944946
10540	-450	-633.944946
10550	-450	-623.944946
10560	-450	-613.944946
10570	-450	-603.944946
10580	-450.073334	-593.945557
10590	-450.51535	-583.955994
10600	-451.356506	-573.992065
10610	-452.595428	-564.069824
10620	-454.230164	-554.205017
10630	-456.258057	-544.413452
10640	-458.675903	-534.710815
10650	-461.479797	-525.112671
10660	-464.665283	-515.634338
10670	-468.227264	-506.290924
10680	-472.160004	-497.097443
10690	-476.457275	-488.068573
10700	-481.112122	-479.218781
10710	-486.117188	-470.562225
10720	-491.464386	-462.112732
10730	-497.145233	-453.88382
10740	-503.150574	-445.888672
10750	-509.470856	-438.140045
10760	-516.095947	-430.650391
10770	-523.015198	-423.431671
10780	-530.21759	-416.495392
10790	-537.69165	-409.852692
10800	-545.425354	-403.514191
10810	-553.406311	-397.490021
10820	-561.621826	-391.789825
10830	-570.058716	-386.422699
10840	-578.70343	-381.397278
10850	-587.542236	-376.721588
10860	-596.560974	-372.403076
10870	-605.745178	-368.448669
10880	-615.080139	-364.864685
10890	-624.550964	-361.656891
10900	-634.142517	-358.830383
10910	-643.839417	-356.389679
10920	-653.626099	-354.338715
10930	-663.487061	-352.680756
10940	-673.406372	-351.418457
10950	-683.368286	-350.553833
10960	-693.35675	-350.088287
10970	-703.355896	-350.022522
10980	-713.349609	-350.356689
10990	-723.322021	-351.09021
11000	-733.25708	-352.221954
11010	-743.138977	-353.750061
11020	-752.951843	-355.67215
11030	-762.679993	-357.985077
11040	-772.307861	-360.685211
11050	-781.820068	-363.768188
11060	-791.201355	-367.229065
11070	-800.436768	-371.062347
11080	-809.511536	-375.261871
11090	-818.411011	-379.820923
11100	-827.121155	-384.732208
11110	-835.627869	-389.987915
11120	-843.917603	-395.579559
11130	-851.977173	-401.49823
11140	-859.793518	-407.734497
11150	-867.354309	-414.27832
11160	-874.647278	-421.119263
11170	-881.66095	-428.246368
11180	-888.383911	-435.648254
11190	-894.805542	-443.31308
11200	-900.915527	-451.228546
11210	-906.704102	-459.382019
11220	-912.161987	-467.760468
11230	-917.280457	-476.350464
11240	-922.051331	-485.138275
11250	-926.466919	-494.109833
11260	-930.520264	-503.250793
11270	-934.204834	-512.546509
11280	-937.514648	-521.982178
11290	-940.44458	-531.542664
11300	-942.989807	-541.212646
11310	-945.146301	-550.976624
11320	-946.910645	-560.819092
11330	-948.279968	-570.724243
11340	-949.252075	-580.676208
11350	-949.825439	-590.659058
11360	-950	-600.656921
11370	-950	-610.656921
11380	-950	-620.656921
11390	-950	-630.656921
11400	-950	-640.656921
11410	-950	-650.656921
11420	-950	-660.656921
11430	-950	-670.656921
11440	-950	-680.656921
11450	-950	-690.656921
11460	-950	-700.656921
11470	-950	-710.656921
11480	-950	-720.656921
11490	-950	-730.656921
11500	-950	-740.656921
11510	-950	-750.656921
11520	-950	-760.656921
11530	-950	-770.656921
11540	-950	-780.656921
11550	-950	-790.656921
11560	-950	-800.656921
11570	-950	-810.656921
11580	-950	-820.656921
11590	-950	-830.656921
11600	-950	-840.656921
11610	-950	-850.656921
11620	-950	-860.656921
11630	-950	-870.656921
11640	-950	-880.656921
11650	-950	-890.656921
11660	-950	-900.656921
11670	-950	-910.656921
11680	-950	-920.656921
11690	-950	-930.656921
11700	-950	-940.656921
11710	-950	-950.656921
11720	-950	-960.656921
11730	-950	-970.656921
11740	-950	-980.656921
11750	-950	-990.656921
11760	-950	-1000.65692
11770	-950	-1010.65692
11780	-950	-1020.65692
11790	-950	-1030.65686
11800	-950	-1040.65686
11810	-950	-1050.65686
11820	-950	-1060.65686
11830	-950	-1070.65686
11840	-950	-1080.65686
11850	-950	-1090.65686
11860	-950	-1100.65686
11870	-950	-1110.65686
11880	-950	-1120.65686
11890	-950	-1130.65686
11900	-950	-1140.65686
11910	-950	-1150.65686
11920	-950	-1160.65686
11930	-950	-1170.65686
11940	-950	-1180.65686
11950	-950	-1190.65686
11960	-950	-1200.65686
11970	-950	-1210.65686
11980	-950	-1220.65686
11990	-950	-1230.65686
12000	-950	-1240.65686
12010	-950	-1250.65686
12020	-950	-1260.65686
12030	-950	-1270.65686
12040	-950	-1280.65686
12050	-950	-1290.65686
12060	-950	-1300.65686
12070	-950	-1310.65686
12080	-950	-1320.65686
12090	-950	-1330.65686
12100	-950	-1340.65686
12110	-950	-1350.65686
12120	-950	-1360.65686
12130	-950	-1370.65686
12140	-950	-1380.65686
12150	-950	-1390.65686
12160	-950	-1400.65686
12170	-950	-1410.65686
12180	-950	-1420.65686
12190	-950	-1430.65686
12200	-950	-1440.65686
12210	-950	-1450.65686
12220	-950	-1460.65686
12230	-950	-1470.65686
12240	-950	-1480.65686
12250	-950	-1490.65686
12260	-950	-1500.65686
12270	-950	-1510.65686
12280	-950	-1520.65686
12290	-950	-1530.65686
12300	-950	-1540.65686
12310	-950	-1550.65686
12320	-950	-1560.65686
12330	-950	-1570.65686
12340	-950	-1580.65686
12350	-950	-1590.65686
12360	-950	-1600.65686
12370	-950	-1610.65686
12380	-950	-1620.65686
12390	-950	-1630.65686
12400	-950	-1640.65686
12410	-950	-1650.65686
12420	-950	-1660.65686
12430	-950	-1670.65686
12440	-950	-1680.65686
12450	-950	-1690.65686
12460	-950.002136	-1700.65686
12470	-950.567322	-1710.63672
12480	-952.125977	-1720.51025
12490	-954.662537	-1730.17896
12500	-958.151672	-1739.54602
12510	-962.558594	-1748.51794
12520	-967.839111	-1757.00513
12530	-973.940613	-1764.92285
12540	-980.802063	-1772.19177
12550	-988.354919	-1778.73938
12560	-996.523682	-1784.50024
12570	-1005.22681	-1789.41675
12580	-1014.37726	-1793.43994
12590	-1023.88367	-1796.52942
12600	-1033.651	-1798.65454
12610	-1043.58167	-1799.79382
12620	-1053.57727	-1800
12630	-1063.57727	-1800
12640	-1073.57727	-1800
12650	-1083.57727	-1800
12660	-1093.57727	-1800
12670	-1103.57727	-1800
12680	-1113.57727	-1800
12690	-1123.57727	-1800
12700	-1133.57727	-1800
12710	-1143.57727	-1800
12720	-1153.57727	-1800
12730	-1163.57727	-1800
12740	-1173.57727	-1800
12750	-1183.57727	-1800
12760	-1193.57727	-1800
12770	-1203.57727	-1800
12780	-1213.57727	-1800
12790	-1223.57727	-1800
12800	-1233.57727	-1800
12810	-1243.57727	-1800
12820	-1253.57715	-1799.97864
12830	-1263.57263	-1799.69287
12840	-1273.55298	-1799.07397
12850	-1283.5072	-1798.12292
12860	-1293.42419	-1796.84058
12870	-1303.29297	-1795.22852
12880	-1313.10242	-1793.28845
12890	-1322.8418	-1791.02246
12900	-1332.50037	-1788.43323
12910	-1342.06714	-1785.52344
12920	-1351.53174	-1782.29651
12930	-1360.88342	-1778.75586
12940	-1370.11194	-1774.90564
12950	-1379.20715	-1770.74988
12960	-1388.15869	-1766.29346
12970	-1396.95667	-1761.54102
12980	-1405.59155	-1756.49817
12990	-1414.05347	-1751.17017
13000	-1422.33313	-1745.56323
13010	-1430.42126	-1739.68347
13020	-1438.30896	-1733.53735
13030	-1445.98755	-1727.13184
13040	-1453.44836	-1720.474
13050	-1460.68311	-1713.57117
13060	-1467.68372	-1706.43103
13070	-1474.44263	-1699.06165
13080	-1480.95215	-1691.47095
13090	-1487.20496	-1683.6676
13100	-1493.19434	-1675.66028
13110	-1498.91345	-1667.45764
13120	-1504.35608	-1659.06909
13130	-1509.51611	-1650.50378
13140	-1514.38782	-1641.77124
13150	-1518.96582	-1632.8811
13160	-1523.245	-1623.84351
13170	-1527.22046	-1614.66821
13180	-1530.88806	-1605.36548
13190	-1534.24353	-1595.9458
13200	-1537.28333	-1586.41943
13210	-1540.00378	-1576.79712
13220	-1542.4021	-1567.08948
13230	-1544.47559	-1557.30725
13240	-1546.22192	-1547.46143
13250	-1547.63916	-1537.56274
13260	-1548.72559	-1527.62244
13270	-1549.48022	-1517.65149
13280	-1549.90222	-1507.66077
13290	-1550	-1497.66162
13300	-1550	-1487.66162
13310	-1550	-1477.66162
13320	-1550	-1467.66162
13330	-1550	-1457.66162
13340	-1550	-1447.66162
13350	-1550	-1437.66162
13360	-1550	-1427.66162
13370	-1550	-1417.66162
13380	-1550	-1407.66162
13390	-1549.98181	-1397.66174
13400	-1549.4928	-1387.67554
13410	-1548.33972	-1377.74414
13420	-1546.52759	-1367.9115
13430	-1544.06445	-1358.22156
13440	-1540.9613	-1348.71716
13450	-1537.23181	-1339.44067
13460	-1532.8927	-1330.43323
13470	-1527.96313	-1321.73474
13480	-1522.46497	-1313.38403
13490	-1516.42285	-1305.41821
13500	-1509.8634	-1297.87256
13510	-1502.81592	-1290.78052
13520	-1495.31165	-1284.17383
13530	-1487.38391	-1278.08179
13540	-1479.06787	-1272.53137
13550	-1470.40063	-1267.54724
13560	-1461.42065	-1263.15149
13570	-1452.16772	-1259.36389
13580	-1442.68298	-1256.20093
13590	-1433.00867	-1253.677
13600	-1423.18774	-1251.8031
13610	-1413.26379	-1250.58752
13620	-1403.28076	-1250.03589
13630	-1393.28113	-1250
13640	-1383.28113	-1250
13650	-1373.28113	-1250
13660	-1363.28113	-1250
13670	-1353.28113	-1250
13680	-1343.28113	-1250
13690	-1333.28113	-1250
13700	-1323.28113	-1250
13710	-1313.28113	-1250
13720	-1303.28113	-1250
13730	-1293.28113	-1250
13740	-1283.28113	-1250
13750	-1273.28113	-1250
13760	-1263.28113	-1250
13770	-1253.28113	-1250
13780	-1243.28113	-1250
13790	-1233.28113	-1250
13800	-1223.28113	-1250
13810	-1213.28113	-1250
13820	-1203.28113	-1250
13830	-1193.28113	-1250
13840	-1183.28113	-1250
13850	-1173.28113	-1250
13860	-1163.28113	-1250
13870	-1153.28113	-1250
13880	-1143.28113	-1250
13890	-1133.28113	-1250
13900	-1123.28113	-1250
13910	-1113.28113	-1250
13920	-1103.28113	-1250
13930	-1093.28113	-1250
13940	-1083.28113	-1250
13950	-1073.28113	-1250
13960	-1063.28113	-1250
13970	-1053.28113	-1250
13980	-1043.28113	-1250
13990	-1033.28113	-1250
14000	-1023.28107	-1250
14010	-1013.28107	-1250
14020	-1003.28107	-1250
14030	-993.281067	-1250
14040	-983.281067	-1250
14050	-973.281067	-1250
14060	-963.281067	-1250
14070	-953.281067	-1250
14080	-943.281067	-1250
14090	-933.281067	-1250
14100	-923.281067	-1250
14110	-913.281067	-1250
14120	-903.281067	-1250
14130	-893.281067	-1250
14140	-883.281067	-1250
14150	-873.281067	-1250
14160	-863.281067	-1250
14170	-853.281067	-1250
14180	-843.281067	-1250
14190	-833.281067	-1250
14200	-823.281067	-1250
14210	-813.281067	-1250
14220	-803.281067	-1250
14230	-793.281067	-1250
14240	-783.281067	-1250
14250	-773.281067	-1250
14260	-763.281067	-1250
14270	-753.281067	-1250
14280	-743.281067	-1250
14290	-733.281067	-1250
14300	-723.281067	-1250
14310	-713.281067	-1250
14320	-703.281067	-1250
14330	-693.281067	-1250
14340	-683.281067	-1250
14350	-673.281067	-1250
14360	-663.281067	-1250
14370	-653.281067	-1250
14380	-643.281067	-1250
14390	-633.281067	-1250
14400	-623.281067	-1250
14410	-613.281067	-1250
14420	-603.281067	-1250
14430	-593.281067	-1250
14440	-583.281067	-1250
14450	-573.281067	-1250
14460	-563.281067	-1250
14470	-553.281067	-1250
14480	-543.281067	-1250
14490	-533.281067	-1250
14500	-523.281067	-1250
14510	-513.281067	-1250
14520	-503.281067	-1250
14530	-493.281067	-1250
14540	-483.281067	-1250
14550	-473.281067	-1250
14560	-463.281067	-1250
14570	-453.281067	-1250
14580	-443.281067	-1250
14590	-433.281067	-1250
14600	-423.281067	-1250
14610	-413.281067	-1250
14620	-403.281067	-1250
14630	-393.281067	-1250
14640	-383.281067	-1250
14650	-373.281067	-1250
14660	-363.281067	-1250
14670	-353.281067	-1250
14680	-343.281067	-1250
14690	-333.281067	-1250
14700	-323.281067	-1250
14710	-313.281067	-1250
14720	-303.281067	-1250
14730	-293.281067	-1250
14740	-283.281067	-1250
14750	-273.281067	-1250
14760	-263.281067	-1250
14770	-253.281082	-1250
14780	-243.281082	-1250
14790	-233.281082	-1250
14800	-223.281082	-1250
14810	-213.281082	-1250
14820	-203.281082	-1250
14830	-193.286133	-1250.22559
14840	-183.358856	-1251.39441
14850	-173.597855	-1253.54834
14860	-164.100662	-1256.66602
14870	-154.962158	-1260.71619
14880	-146.273651	-1265.65857
14890	-138.121964	-1271.4436
14900	-130.588547	-1278.01355
14910	-123.748657	-1285.30273
14920	-117.670647	-1293.2384
14930	-112.415253	-1301.74121
14940	-108.034966	-1310.7262
14950	-104.57357	-1320.10352
14960	-102.065643	-1329.77966
14970	-100.53624	-1339.65784
14980	-100.000648	-1349.63928
14990	-99.5357819	-1359.62439
15000	-98.0776825	-1369.51331
15010	-95.6396255	-1379.20728
15020	-92.2459717	-1388.60938
15030	-87.9306183	-1397.62573
15040	-82.736702	-1406.16614
15050	-76.7161026	-1414.14551
15060	-69.928978	-1421.48389
15070	-62.4431496	-1428.10791
15080	-54.3334084	-1433.95166
15090	-45.6807861	-1438.95654
15100	-36.5717392	-1443.07263
15110	-27.0972786	-1446.25867
15120	-17.3520699	-1448.48303
15130	-7.43348455	-1449.72339
15140	2.55962157	-1449.98914
15150	12.5559835	-1449.73718
15160	22.5383968	-1449.15222
15170	32.4957695	-1448.23486
15180	42.417038	-1446.98621
15190	52.2911835	-1445.40759
15200	62.1072311	-1443.50073
15210	71.8542786	-1441.26782
15220	81.521492	-1438.7113
15230	91.0981369	-1435.83411
15240	100.57357	-1432.63928
15250	109.937263	-1429.13037
15260	119.178818	-1425.31152
15270	128.287964	-1421.18665
15280	137.254578	-1416.7605
15290	146.06871	-1412.03809
15300	154.720551	-1407.02441
15310	163.2005	-1401.72522
15320	171.49913	-1396.14636
15330	179.607208	-1390.29407
15340	187.515762	-1384.1748
15350	195.215973	-1377.79541
15360	202.69931	-1371.16284
15370	209.957428	-1364.28455
15380	216.9823	-1357.16821
15390	223.766098	-1349.82178
15400	230.301285	-1342.2533
15410	236.580612	-1334.47119
15420	242.597092	-1326.48413
15430	248.34404	-1318.30103
15440	253.815079	-1309.93091
15450	259.00412	-1301.38318
15460	263.905426	-1292.66724
15470	268.513519	-1283.79272
15480	272.823273	-1274.76965
15490	276.829956	-1265.60791
15500	280.529053	-1256.31775
15510	283.916473	-1246.90942
15520	286.988464	-1237.39343
15530	289.741638	-1227.7804
15540	292.172882	-1218.08093
15550	294.27951	-1208.30579
15560	296.059204	-1198.46594
15570	297.509979	-1188.57214
15580	298.630219	-1178.63562
15590	299.418671	-1168.66724
15600	299.874451	-1158.67798
15610	299.997101	-1148.6792
15620	299.786438	-1138.68188
15630	299.242706	-1128.69714
15640	298.366516	-1118.73608
15650	297.158813	-1108.80981
15660	295.621002	-1098.9292
15670	293.75473	-1089.10535
15680	291.562103	-1079.34912
15690	289.045563	-1069.67151
15700	286.207855	-1060.08301
15710	283.052185	-1050.59448
15720	279.582062	-1041.21643
15730	275.8013	-1031.95911
15740	271.714111	-1022.83301
15750	267.325073	-1013.84821
15760	262.639008	-1005.01465
15770	257.661163	-996.342163
15780	252.397064	-987.840454
15790	246.852539	-979.51886
15800	241.033752	-971.386658
15810	234.947174	-963.452881
15820	228.599579	-955.726379
15830	221.998001	-948.215759
15840	215.149796	-940.92926
15850	208.062546	-933.875061
15860	200.744125	-927.061035
15870	193.202698	-920.494629
15880	185.446609	-914.183228
15890	177.484482	-908.133789
15900	169.32518	-902.353088
15910	160.977753	-896.847534
15920	152.451477	-891.62323
15930	143.755814	-886.685974
15940	134.900452	-882.041321
15950	125.895218	-877.694275
15960	116.750107	-873.649841
15970	107.475281	-869.912415
15980	98.0810547	-866.486145
15990	88.577858	-863.374878
16000	78.9762497	-860.582031
16010	69.2869034	-858.110779
16020	59.5205727	-855.963745
16030	49.6881142	-854.143433
16040	39.800457	-852.651855
16050	29.868576	-851.490601
16060	19.903513	-850.66095
16070	9.91633701	-850.16394
16080	-0.0818564519	-850.000061
16090	-10.064786	-850.507812
16100	-19.9471512	-852.009644
16110	-29.6302109	-854.490601
16120	-39.0172157	-857.925781
16130	-48.0143738	-862.281006
16140	-56.5317879	-867.512695
16150	-64.4843521	-873.568542
16160	-71.7926178	-880.388062
16170	-78.3835449	-887.903137
16180	-84.1912994	-896.038696
16190	-89.1578369	-904.713379
16200	-93.2335358	-913.840515
16210	-96.3776855	-923.328979
16220	-98.5588531	-933.083984
16230	-99.7552567	-943.007935
16240	-100.045067	-953.00177
16250	-100.844101	-962.965637
16260	-102.633865	-972.799927
16270	-105.396484	-982.406433
16280	-109.104355	-991.689087
16290	-113.720421	-1000.55524
16300	-119.198563	-1008.91626
16310	-125.484039	-1016.6886
16320	-132.514069	-1023.79462
16330	-140.218384	-1030.16333
16340	-148.52002	-1035.73108
16350	-157.336029	-1040.44214
16360	-166.578323	-1044.24963
16370	-176.154556	-1047.11536
16380	-185.96904	-1049.01074
16390	-195.923721	-1049.91687
16400	-205.922592	-1050
16410	-215.922592	-1050
16420	-225.922592	-1050
16430	-235.922592	-1050
16440	-245.922592	-1050
16450	-255.922592	-1050
16460	-265.922577	-1050
16470	-275.922577	-1050
16480	-285.922577	-1050
16490	-295.922577	-1050
16500	-305.922577	-1050
16510	-315.922577	-1050
16520	-325.922577	-1050
16530	-335.922577	-1050
16540	-345.922577	-1050
16550	-355.922577	-1050
16560	-365.922577	-1050
16570	-375.922577	-1050
16580	-385.922577	-1050
16590	-395.922577	-1050
16600	-405.922577	-1050
16610	-415.922577	-1050
16620	-425.922577	-1050
16630	-435.922577	-1050
16640	-445.922577	-1050
16650	-455.922577	-1050
16660	-465.922577	-1050
16670	-475.922577	-1050
16680	-485.922577	-1050
16690	-495.922577	-1050
16700	-505.922577	-1050
16710	-515.922607	-1050
16720	-525.922607	-1050
16730	-535.922607	-1050
16740	-545.922607	-1050
16750	-555.922607	-1050
16760	-565.922607	-1050
16770	-575.922607	-1050
16780	-585.922607	-1050
16790	-595.922607	-1050
16800	-605.922607	-1050
16810	-615.922607	-1050
16820	-625.922607	-1050
16830	-635.922607	-1050
16840	-645.922607	-1050
16850	-655.922607	-1050
16860	-665.922607	-1050
16870	-675.922607	-1050
16880	-685.922607	-1050
16890	-695.922607	-1050
16900	-705.922607	-1050
16910	-715.922607	-1050
16920	-725.922607	-1050
16930	-735.922607	-1050
16940	-745.922607	-1050
16950	-755.922607	-1050
16960	-765.922607	-1050
16970	-775.922607	-1050
16980	-785.922607	-1050
16990	-795.922607	-1050
17000	-805.922607	-1050
17010	-815.922607	-1050
17020	-825.922607	-1050
17030	-835.922607	-1050
17040	-845.922607	-1050
17050	-855.922607	-1050
17060	-865.922607	-1050
17070	-875.922607	-1050
17080	-885.922607	-1050
17090	-895.922607	-1050
17100	-905.922607	-1050
17110	-915.922607	-1050
17120	-925.922607	-1050
17130	-935.922607	-1050
17140	-945.922607	-1050
17150	-955.922607	-1050
17160	-965.922607	-1050
17170	-975.922607	-1050
17180	-985.922607	-1050
17190	-995.922607	-1050
17200	-1005.92261	-1050
17210	-1015.92261	-1050
17220	-1025.92261	-1050
17230	-1035.92261	-1050
17240	-1045.92261	-1050
17250	-1055.92261	-1050
17260	-1065.92261	-1050
17270	-1075.92261	-1050
17280	-1085.92261	-1050
17290	-1095.92261	-1050
17300	-1105.92261	-1050
17310	-1115.92261	-1050
17320	-1125.92261	-1050
17330	-1135.92261	-1050
17340	-1145.92261	-1050
17350	-1155.92261	-1050
17360	-1165.92261	-1050
17370	-1175.92261	-1050
17380	-1185.92261	-1050
17390	-1195.92261	-1050
17400	-1205.92261	-1050
17410	-1215.92261	-1050
17420	-1225.92261	-1050
17430	-1235.92261	-1050
17440	-1245.92261	-1050
17450	-1255.92261	-1050
17460	-1265.92261	-1050
17470	-1275.92261	-1050
17480	-1285.92261	-1050
17490	-1295.92261	-1050
17500	-1305.92261	-1050
17510	-1315.92261	-1050
17520	-1325.92261	-1050
17530	-1335.92261	-1050
17540	-1345.92261	-1050
17550	-1355.92261	-1050
17560	-1365.92261	-1050
17570	-1375.92261	-1050
17580	-1385.92261	-1050
17590	-1395.92261	-1050
17600	-1405.92102	-1049.88306
17610	-1415.8927	-1049.15564
17620	-1425.7937	-1047.76562
17630	-1435.5802	-1045.71912
17640	-1445.20862	-1043.02515
17650	-1454.63611	-1039.69568
17660	-1463.82092	-1035.74573
17670	-1472.72217	-1031.19263
17680	-1481.30029	-1026.05664
17690	-1489.51721	-1020.3606
17700	-1497.33643	-1014.12982
17710	-1504.72327	-1007.39197
17720	-1511.64478	-1000.17706
17730	-1518.07031	-992.517029
17740	-1523.97131	-984.445984
17750	-1529.32141	-975.999756
17760	-1534.09705	-967.215942
17770	-1538.27686	-958.133423
17780	-1541.84241	-948.792664
17790	-1544.77783	-939.235107
17800	-1547.06995	-929.503235
17810	-1548.70862	-919.64032
17820	-1549.68665	-909.690125
17830	-1550	-899.696838
17840	-1550	-889.696838
17850	-1550	-879.696838
17860	-1550	-869.696838
17870	-1550	-859.696838
17880	-1550	-849.696838
17890	-1550	-839.696838
17900	-1550	-829.696838
17910	-1550	-819.696838
17920	-1550	-809.696838
17930	-1550	-799.696838
17940	-1550	-789.696838
17950	-1550	-779.696838
17960	-1550	-769.696838
17970	-1550	-759.696838
17980	-1549.99988	-749.696838
17990	-1549.8938	-739.697571
18000	-1549.58789	-729.702454
18010	-1549.08203	-719.715393
18020	-1548.37659	-709.740479
18030	-1547.47168	-699.781677
18040	-1546.36792	-689.842957
18050	-1545.06555	-679.928284
18060	-1543.56531	-670.041626
18070	-1541.86743	-660.187012
18080	-1539.97302	-650.368225
18090	-1537.88245	-640.589355
18100	-1535.5968	-630.854248
18110	-1533.11694	-621.166809
18120	-1530.44385	-611.530884
18130	-1527.57861	-601.950317
18140	-1524.64307	-592.390991
18150	-1521.89124	-582.777222
18160	-1519.33228	-573.110352
18170	-1516.96716	-563.394287
18180	-1514.79688	-553.632812
18190	-1512.82214	-543.829895
18200	-1511.04395	-533.989441
18210	-1509.46277	-524.115356
18220	-1508.07947	-514.21167
18230	-1506.89453	-504.282318
18240	-1505.90833	-494.331238
18250	-1505.12134	-484.362396
18260	-1504.53394	-474.379852
18270	-1504.14624	-464.387512
18280	-1503.9585	-454.389465
18290	-1503.9707	-444.389618
18300	-1504.18286	-434.392059
18310	-1504.59497	-424.400696
18320	-1505.20679	-414.419617
18330	-1506.01807	-404.452728
18340	-1507.02856	-394.504089
18350	-1508.23779	-384.577637
18360	-1509.64526	-374.677368
18370	-1511.25049	-364.80719
18380	-1513.05273	-354.97113
18390	-1515.05139	-345.173065
18400	-1517.24548	-335.416901
18410	-1519.6344	-325.706604
18420	-1522.21692	-316.046021
18430	-1524.99219	-306.438995
18440	-1527.93872	-296.883026
18450	-1530.78052	-287.295502
18460	-1533.43018	-277.653076
18470	-1535.88635	-267.959595
18480	-1538.14819	-258.218903
18490	-1540.21484	-248.434967
18500	-1542.08533	-238.611633
18510	-1543.75903	-228.752853
18520	-1545.23523	-218.862579
18530	-1546.51331	-208.944763
18540	-1547.5929	-199.003372
18550	-1548.47339	-189.042389
18560	-1549.15442	-179.065765
18570	-1549.63586	-169.07753
18580	-1549.91748	-159.081665
18590	-1549.99719	-149.082169
18600	-1549.60291	-139.091797
18610	-1548.54382	-129.149902
18620	-1546.82495	-119.300629
18630	-1544.45361	-109.587746
18640	-1541.44055	-100.054405
18650	-1537.79919	-90.7429657
18660	-1533.54553	-81.6947937
18670	-1528.69849	-72.9500885
18680	-1523.27979	-64.547699
18690	-1517.31335	-56.5249557
18700	-1510.82568	-48.9175072
18710	-1503.84558	-41.7591438
18720	-1496.4043	-35.0816727
18730	-1488.53455	-28.9147644
18740	-1480.27148	-23.2858105
18750	-1471.65186	-18.2198219
18760	-1462.71387	-13.7393084
18770	-1453.49719	-9.86417198
18780	-1444.04285	-6.61163139
18790	-1434.39294	-3.99613643
18800	-1424.59009	-2.02930713
18810	-1414.6781	-0.719881713
18820	-1404.70081	-0.0736779124
18830	-1394.70166	0
18840	-1384.70166	0
18850	-1374.70166	0
18860	-1364.70166	0
18870	-1354.70166	0
18880	-1344.70166	0
18890	-1334.70166	0
18900	-1324.70166	0
18910	-1314.70166	0
18920	-1304.70166	0
18930	-1294.70166	0
18940	-1284.70166	0
18950	-1274.70166	0
18960	-1264.70166	0
18970	-1254.70166	0
18980	-1244.70166	0
18990	-1234.70166	0
19000	-1224.70166	0
19010	-1214.70166	0
19020	-1204.70166	0
19030	-1194.70166	0
19040	-1184.70166	0
19050	-1174.70166	0
19060	-1164.70166	0
19070	-1154.70166	0
19080	-1144.70166	0
19090	-1134.70166	0
19100	-1124.70166	0
19110	-1114.70166	0
19120	-1104.70166	0
19130	-1094.70166	0
19140	-1084.70166	0
19150	-1074.70166	0
19160	-1064.70166	0
19170	-1054.70166	0
19180	-1044.70166	0
19190	-1034.70166	0
19200	-1024.70166	0
19210	-1014.7016	0
19220	-1004.7016	0
19224.7012	-1000	0
